cc,symbol,period,value
AF,dd,2012-2014,86.80339248562376
AL,dd,2012-2014,45.33374327085633
DZ,dd,2012-2014,98.76621712202682
AD,dd,2012-2014,19.93791433507065
AO,dd,2012-2014,98.03453544652062
AG,dd,2012-2014,38.7229992917847
AR,dd,2012-2014,67.78020297424142
AM,dd,2012-2014,76.3131626754975
AU,dd,2012-2014,87.93750895375848
AT,dd,2012-2014,16.22699048908336
AZ,dd,2012-2014,97.86678329985375
BS,dd,2012-2014,35.9498616534413
BH,dd,2012-2014,70.16542932500984
BD,dd,2012-2014,5.861353049744596
BB,dd,2012-2014,47.88325513697019
BY,dd,2012-2014,46.514729157004986
BE,dd,2012-2014,36.12381392914804
BZ,dd,2012-2014,80.26652203326569
BJ,dd,2012-2014,85.81675837436696
BT,dd,2012-2014,42.36415270967023
BO,dd,2012-2014,95.37707315506263
BA,dd,2012-2014,35.453089812181524
BW,dd,2012-2014,94.47564689631753
BR,dd,2012-2014,66.70204080191498
BN,dd,2012-2014,95.48467073671588
BG,dd,2012-2014,48.99608212729161
BF,dd,2012-2014,96.17481933514028
BI,dd,2012-2014,91.70742177735755
CV,dd,2012-2014,63.73411677580294
KH,dd,2012-2014,13.35232790248225
CM,dd,2012-2014,92.54736554907264
CA,dd,2012-2014,53.29109438401433
CF,dd,2012-2014,94.4167363373406
TD,dd,2012-2014,99.55833434313033
CL,dd,2012-2014,86.45742565738145
CN,dd,2012-2014,6.091279536422546
CO,dd,2012-2014,83.3640992780435
KM,dd,2012-2014,70.31156381066506
CG,dd,2012-2014,83.32383153609264
CD,dd,2012-2014,95.58109637732987
CR,dd,2012-2014,24.868686759377407
CI,dd,2012-2014,87.27735964600902
HR,dd,2012-2014,36.834388107184466
CU,dd,2012-2014,75.54049651878746
CY,dd,2012-2014,32.0160308886054
CZ,dd,2012-2014,11.739364580082817
DK,dd,2012-2014,34.85427859714959
DJ,dd,2012-2014,52.48429485167835
DM,dd,2012-2014,37.82422634175512
DO,dd,2012-2014,43.188431197323865
EC,dd,2012-2014,93.51561022948927
EG,dd,2012-2014,56.79547377320049
SV,dd,2012-2014,27.114309156649814
GQ,dd,2012-2014,95.40825645356196
ER,dd,2012-2014,93.21520819609611
EE,dd,2012-2014,31.59009719892733
SZ,dd,2012-2014,39.567448078594026
ET,dd,2012-2014,84.49038484673834
FJ,dd,2012-2014,79.90556168549408
FI,dd,2012-2014,27.70510611057093
FR,dd,2012-2014,21.07682528127237
GA,dd,2012-2014,79.30812092710056
GM,dd,2012-2014,72.46641152529831
GE,dd,2012-2014,40.345574727402024
DE,dd,2012-2014,12.874848785552715
GH,dd,2012-2014,92.76475924510238
GR,dd,2012-2014,67.56247948996574
GD,dd,2012-2014,75.98306167800021
GT,dd,2012-2014,62.07133296390387
GN,dd,2012-2014,94.70366814555685
GW,dd,2012-2014,99.3640741943087
GY,dd,2012-2014,96.59694644318368
HT,dd,2012-2014,8.587243110621145
HN,dd,2012-2014,53.1776096229799
HU,dd,2012-2014,15.417621748106203
IS,dd,2012-2014,86.52128998515823
IN,dd,2012-2014,46.120421551694264
ID,dd,2012-2014,62.36904192405915
IR,dd,2012-2014,80.59596902487715
IQ,dd,2012-2014,99.75394729066322
IE,dd,2012-2014,14.21381781989674
IL,dd,2012-2014,35.82286191979447
IT,dd,2012-2014,17.20514040572618
JM,dd,2012-2014,87.78766824727987
JP,dd,2012-2014,7.483300695982992
JO,dd,2012-2014,28.29940388397578
KZ,dd,2012-2014,88.99209406945802
KE,dd,2012-2014,65.72187774234254
KI,dd,2012-2014,95.45596154702032
KP,dd,2012-2014,58.550563190158364
KR,dd,2012-2014,14.31087493989407
KW,dd,2012-2014,89.08564674481087
KG,dd,2012-2014,72.34347705908004
LA,dd,2012-2014,86.17582532386126
LV,dd,2012-2014,46.855976252167316
LB,dd,2012-2014,47.679859008711354
LS,dd,2012-2014,40.019896743417036
LR,dd,2012-2014,55.512322553236615
LY,dd,2012-2014,97.51893413957225
LT,dd,2012-2014,44.33379655228279
LU,dd,2012-2014,19.044205122795965
MG,dd,2012-2014,67.86877309392776
MW,dd,2012-2014,88.6188062489809
MY,dd,2012-2014,38.48455335071058
MV,dd,2012-2014,95.71804056468521
ML,dd,2012-2014,91.17358938597451
MT,dd,2012-2014,44.197798948223536
MH,dd,2012-2014,20.624685094007727
MR,dd,2012-2014,98.63295981186353
MU,dd,2012-2014,43.54314730389842
MX,dd,2012-2014,23.756362870266535
FM,dd,2012-2014,96.563917744329
MD,dd,2012-2014,46.63505441590212
MN,dd,2012-2014,97.47760525493761
ME,dd,2012-2014,81.82391939724596
MA,dd,2012-2014,35.505930917750305
MZ,dd,2012-2014,93.2050437925036
MM,dd,2012-2014,86.68487139528843
NA,dd,2012-2014,76.78296371725646
NR,dd,2012-2014,92.2979630678054
NP,dd,2012-2014,29.618576470143754
NL,dd,2012-2014,41.084560184265065
NZ,dd,2012-2014,77.96298511022296
NI,dd,2012-2014,56.36800188520979
NE,dd,2012-2014,64.220371589751
NG,dd,2012-2014,97.32024841764122
MK,dd,2012-2014,23.217747056730868
NO,dd,2012-2014,83.08045212148319
OM,dd,2012-2014,83.01731302150452
PK,dd,2012-2014,25.203109124593354
PW,dd,2012-2014,87.20481211941184
PA,dd,2012-2014,22.609059586255096
PG,dd,2012-2014,95.01761988017687
PY,dd,2012-2014,91.45483387467215
PE,dd,2012-2014,87.41176350907377
PH,dd,2012-2014,20.58166006933541
PL,dd,2012-2014,23.00563486962697
PT,dd,2012-2014,26.56386686098573
QA,dd,2012-2014,93.54828611922815
RO,dd,2012-2014,21.31334100714703
RU,dd,2012-2014,83.92161557712127
RW,dd,2012-2014,90.08720338663684
KN,dd,2012-2014,9.807244660432067
LC,dd,2012-2014,71.69665742268685
VC,dd,2012-2014,38.332511100148
WS,dd,2012-2014,33.315968692823745
ST,dd,2012-2014,63.8498656968314
SA,dd,2012-2014,82.72723372888909
SN,dd,2012-2014,71.99953514886617
RS,dd,2012-2014,33.36960379915544
SC,dd,2012-2014,94.56315069847646
SL,dd,2012-2014,78.95293128440488
SG,dd,2012-2014,28.516662284129918
SK,dd,2012-2014,13.843393032973466
SI,dd,2012-2014,17.551535884018076
SB,dd,2012-2014,98.41350998505841
SO,dd,2012-2014,94.1324888061785
ZA,dd,2012-2014,58.10484735935124
SS,dd,2012-2014,99.86102186747183
ES,dd,2012-2014,29.354139414106346
LK,dd,2012-2014,33.42553265648574
PS,dd,2012-2014,36.64724481992839
SD,dd,2012-2014,97.65447034977153
SR,dd,2012-2014,96.0474045656448
SE,dd,2012-2014,24.39798254840278
CH,dd,2012-2014,37.976083091882764
SY,dd,2012-2014,62.83175962239055
TJ,dd,2012-2014,87.33951435954205
TZ,dd,2012-2014,86.85722587800309
TH,dd,2012-2014,28.129237813408253
TL,dd,2012-2014,83.78171598095089
TG,dd,2012-2014,72.91588445408831
TO,dd,2012-2014,81.8068646629913
TT,dd,2012-2014,63.98132481929943
TN,dd,2012-2014,26.157049661305727
TR,dd,2012-2014,24.95930325280876
TM,dd,2012-2014,89.01798364933663
TV,dd,2012-2014,47.39583333333333
UG,dd,2012-2014,70.31331704774865
UA,dd,2012-2014,42.55991236430489
AE,dd,2012-2014,72.52385642169239
GB,dd,2012-2014,32.99701575135882
US,dd,2012-2014,29.481479219508373
UY,dd,2012-2014,77.19324662277575
UZ,dd,2012-2014,72.97845990142497
VU,dd,2012-2014,88.1954563748144
VE,dd,2012-2014,93.9481489927487
VN,dd,2012-2014,26.94494744698786
YE,dd,2012-2014,97.62252610591582
ZM,dd,2012-2014,87.75624055036812
ZW,dd,2012-2014,85.7098598831672
AF,dd,2022-2024,95.23333677829531
AL,dd,2022-2024,32.12098282329287
DZ,dd,2022-2024,96.01524122249722
AD,dd,2022-2024,8.068302637252001
AO,dd,2022-2024,96.14773202339411
AG,dd,2022-2024,40.017688961132095
AR,dd,2022-2024,80.94684763021166
AM,dd,2022-2024,74.70890695590401
AU,dd,2022-2024,91.63504242315145
AT,dd,2022-2024,18.201922136923983
AZ,dd,2022-2024,95.70943868218659
BS,dd,2022-2024,53.703427983503374
BH,dd,2022-2024,73.30930769608209
BD,dd,2022-2024,4.604502323992193
BB,dd,2022-2024,51.65632960460738
BY,dd,2022-2024,37.39202903751643
BE,dd,2022-2024,34.440370039571455
BZ,dd,2022-2024,89.28792963808687
BJ,dd,2022-2024,92.70574883480342
BT,dd,2022-2024,55.85490437695043
BO,dd,2022-2024,94.72616216571403
BA,dd,2022-2024,27.2674109798319
BW,dd,2022-2024,93.95228235443912
BR,dd,2022-2024,75.88426039818611
BN,dd,2022-2024,78.98894642301974
BG,dd,2022-2024,43.363233159656836
BF,dd,2022-2024,95.95571332514005
BI,dd,2022-2024,89.48893674685038
CV,dd,2022-2024,74.38884441633033
KH,dd,2022-2024,20.239495791391768
CM,dd,2022-2024,93.67633124262224
CA,dd,2022-2024,55.75009629905793
CF,dd,2022-2024,89.89672422852247
TD,dd,2022-2024,99.77137007286166
CL,dd,2022-2024,82.8208245430283
CN,dd,2022-2024,6.290011065428234
CO,dd,2022-2024,80.08020518817496
KM,dd,2022-2024,50.56848517737262
CG,dd,2022-2024,96.48202360049504
CD,dd,2022-2024,90.6843880070439
CR,dd,2022-2024,34.69374436288153
CI,dd,2022-2024,91.86676219466395
HR,dd,2022-2024,38.60826907615576
CU,dd,2022-2024,86.32857505848033
CY,dd,2022-2024,48.515299190405315
CZ,dd,2022-2024,10.272119999065046
DK,dd,2022-2024,30.105879036187964
DJ,dd,2022-2024,47.5887553417358
DM,dd,2022-2024,37.542346781644596
DO,dd,2022-2024,38.830499495834694
EC,dd,2022-2024,95.02876981456622
EG,dd,2022-2024,52.828416631347466
SV,dd,2022-2024,27.700274916414376
GQ,dd,2022-2024,95.31872796647579
ER,dd,2022-2024,93.11867360625111
EE,dd,2022-2024,35.75035847621503
SZ,dd,2022-2024,40.9091228922211
ET,dd,2022-2024,84.47822144540653
FJ,dd,2022-2024,83.4538934723854
FI,dd,2022-2024,29.116661482722833
FR,dd,2022-2024,22.609290125712345
GA,dd,2022-2024,87.63856418358222
GM,dd,2022-2024,88.85902031063321
GE,dd,2022-2024,40.95084469888926
DE,dd,2022-2024,13.245112827933307
GH,dd,2022-2024,94.76546807261927
GR,dd,2022-2024,63.44921009771467
GD,dd,2022-2024,54.289708041389375
GT,dd,2022-2024,56.647849447065646
GN,dd,2022-2024,97.5357586647293
GW,dd,2022-2024,97.94983000759322
GY,dd,2022-2024,95.5638880485293
HT,dd,2022-2024,6.738722314762335
HN,dd,2022-2024,53.53006419417314
HU,dd,2022-2024,14.05708191778563
IS,dd,2022-2024,84.47970567958924
IN,dd,2022-2024,40.46910052200112
ID,dd,2022-2024,55.49620891237163
IR,dd,2022-2024,51.381599689897364
IQ,dd,2022-2024,99.53990304878492
IE,dd,2022-2024,9.724619209816439
IL,dd,2022-2024,20.955305449641244
IT,dd,2022-2024,18.313907798420704
JM,dd,2022-2024,94.75656548912124
JP,dd,2022-2024,9.766383035986188
JO,dd,2022-2024,25.80194592442584
KZ,dd,2022-2024,84.45955186302038
KE,dd,2022-2024,69.92516189380942
KI,dd,2022-2024,88.79315714078103
KP,dd,2022-2024,23.594865802090634
KR,dd,2022-2024,13.84636910773038
KW,dd,2022-2024,82.12818373594195
KG,dd,2022-2024,76.61108276842279
LA,dd,2022-2024,69.80907200270696
LV,dd,2022-2024,45.940728985300865
LB,dd,2022-2024,49.150932427211075
LS,dd,2022-2024,51.43495604910285
LR,dd,2022-2024,79.6852314388794
LY,dd,2022-2024,98.57976672576282
LT,dd,2022-2024,38.464038173472034
LU,dd,2022-2024,18.55627480371825
MG,dd,2022-2024,73.40325999323474
MW,dd,2022-2024,84.82004348744562
MY,dd,2022-2024,31.668316484210596
MV,dd,2022-2024,75.98150421693178
ML,dd,2022-2024,95.84945870308273
MT,dd,2022-2024,30.365751286561338
MH,dd,2022-2024,13.797377959227672
MR,dd,2022-2024,97.8046546179962
MU,dd,2022-2024,48.09837880621263
MX,dd,2022-2024,17.69465770750384
FM,dd,2022-2024,97.9419617236819
MD,dd,2022-2024,55.90861543579909
MN,dd,2022-2024,98.84187823542074
ME,dd,2022-2024,71.8136855956221
MA,dd,2022-2024,26.294383466508258
MZ,dd,2022-2024,96.48548926669486
MM,dd,2022-2024,55.77347351159456
NA,dd,2022-2024,82.45624872838579
NR,dd,2022-2024,94.90626197860404
NP,dd,2022-2024,48.083174998519354
NL,dd,2022-2024,37.84995349588631
NZ,dd,2022-2024,80.98708251810875
NI,dd,2022-2024,57.856202619433816
NE,dd,2022-2024,85.7875558412959
NG,dd,2022-2024,96.67820780759669
MK,dd,2022-2024,17.900669270123398
NO,dd,2022-2024,88.24654879483096
OM,dd,2022-2024,70.67138094838387
PK,dd,2022-2024,28.569591879880836
PW,dd,2022-2024,34.08661789001653
PA,dd,2022-2024,67.80762076784144
PG,dd,2022-2024,99.0600878901087
PY,dd,2022-2024,84.75607555904988
PE,dd,2022-2024,91.90236993914141
PH,dd,2022-2024,21.210822094199823
PL,dd,2022-2024,21.740410866637216
PT,dd,2022-2024,25.781368519363934
QA,dd,2022-2024,88.7535548718022
RO,dd,2022-2024,22.383391326072843
RU,dd,2022-2024,75.66973302544928
RW,dd,2022-2024,89.07215658738484
KN,dd,2022-2024,19.42347969414185
LC,dd,2022-2024,67.1701172907467
VC,dd,2022-2024,46.23797518274906
WS,dd,2022-2024,47.24728662943355
ST,dd,2022-2024,67.15406087996809
SA,dd,2022-2024,77.02776099879696
SN,dd,2022-2024,73.84156759292357
RS,dd,2022-2024,33.237796380558606
SC,dd,2022-2024,91.37481119410525
SL,dd,2022-2024,84.49999603681822
SG,dd,2022-2024,24.64933882836724
SK,dd,2022-2024,11.414864419739315
SI,dd,2022-2024,15.130614692562366
SB,dd,2022-2024,96.90877083102782
SO,dd,2022-2024,93.42935709497775
ZA,dd,2022-2024,62.680168929410705
SS,dd,2022-2024,98.48360652658515
ES,dd,2022-2024,30.854049348620894
LK,dd,2022-2024,33.565324599106944
PS,dd,2022-2024,35.92565594299858
SD,dd,2022-2024,98.15692668603046
SR,dd,2022-2024,95.57103471338836
SE,dd,2022-2024,25.650879751657435
CH,dd,2022-2024,32.32195348043504
SY,dd,2022-2024,67.08521613805011
TJ,dd,2022-2024,85.05473503908422
TZ,dd,2022-2024,89.47061019370274
TH,dd,2022-2024,28.630757862391192
TL,dd,2022-2024,94.81928255318876
TG,dd,2022-2024,82.6270401733441
TO,dd,2022-2024,77.02463970246397
TT,dd,2022-2024,49.56111103298255
TN,dd,2022-2024,21.835511040700965
TR,dd,2022-2024,25.132088999979345
TM,dd,2022-2024,88.16442320565751
TV,dd,2022-2024,65.86345381526102
UG,dd,2022-2024,79.69357128673215
UA,dd,2022-2024,67.98005300659787
AE,dd,2022-2024,70.40413665981612
GB,dd,2022-2024,35.180145708189336
US,dd,2022-2024,35.24634186292738
UY,dd,2022-2024,80.98035502467866
UZ,dd,2022-2024,64.31446108116813
VU,dd,2022-2024,87.85608944278961
VE,dd,2022-2024,81.15870856836581
VN,dd,2022-2024,13.509437024131257
YE,dd,2022-2024,92.30990332994065
ZM,dd,2022-2024,88.78488750573183
ZW,dd,2022-2024,90.84465510883595
